東京海上ジャパンオーナーズ,"E06433 /
G09203",https://disclosure.edinet-fsa.go.jp/E01EW/download?uji.verb=W0EZA104CXP001003Action&uji.bean=ee.bean.parent.EECommonSearchBean&PID=W1E63011&SESSIONKEY=1550315428177&lgKbn=2&pkbn=0&skbn=1&dskb=&askb=&dflg=0&iflg=0&preId=1&mul=%E6%9D%B1%E4%BA%AC%E6%B5%B7%E4%B8%8A%E3%82%B8%E3%83%A3%E3%83%91%E3%83%B3%E3%82%AA%E3%83%BC%E3%83%8A%E3%83%BC%E3%82%BA&fls=on&cal=1&era=H&yer=&mon=&pfs=5&row=100&idx=0&str=&kbn=1&flg=&syoruiKanriNo=&s=S100E8IO,東京海上ジャパンオーナーズ,https://disclosure.edinet-fsa.go.jp/E01EW/download?uji.verb=W0EZA104CXP001003Action&uji.bean=ee.bean.parent.EECommonSearchBean&PID=W1E63011&SESSIONKEY=1550315428177&lgKbn=2&pkbn=0&skbn=1&dskb=&askb=&dflg=0&iflg=0&preId=1&mul=%E6%9D%B1%E4%BA%AC%E6%B5%B7%E4%B8%8A%E3%82%B8%E3%83%A3%E3%83%91%E3%83%B3%E3%82%AA%E3%83%BC%E3%83%8A%E3%83%BC%E3%82%BA&fls=on&cal=1&era=H&yer=&mon=&pfs=5&row=100&idx=0&str=&kbn=1&flg=&syoruiKanriNo=&s=S1008RQM,https://disclosure.edinet-fsa.go.jp/E01EW/download?uji.verb=W0EZA104CXP001003Action&uji.bean=ee.bean.parent.EECommonSearchBean&PID=W1E63011&SESSIONKEY=1550315428177&lgKbn=2&pkbn=0&skbn=1&dskb=&askb=&dflg=0&iflg=0&preId=1&mul=%E6%9D%B1%E4%BA%AC%E6%B5%B7%E4%B8%8A%E3%82%B8%E3%83%A3%E3%83%91%E3%83%B3%E3%82%AA%E3%83%BC%E3%83%8A%E3%83%BC%E3%82%BA&fls=on&cal=1&era=H&yer=&mon=&pfs=5&row=100&idx=0&str=&kbn=1&flg=&syoruiKanriNo=&s=S10060PC,https://disclosure.edinet-fsa.go.jp/E01EW/download?uji.verb=W0EZA104CXP001003Action&uji.bean=ee.bean.parent.EECommonSearchBean&PID=W1E63011&SESSIONKEY=1550315428177&lgKbn=2&pkbn=0&skbn=1&dskb=&askb=&dflg=0&iflg=0&preId=1&mul=%E6%9D%B1%E4%BA%AC%E6%B5%B7%E4%B8%8A%E3%82%B8%E3%83%A3%E3%83%91%E3%83%B3%E3%82%AA%E3%83%BC%E3%83%8A%E3%83%BC%E3%82%BA&fls=on&cal=1&era=H&yer=&mon=&pfs=5&row=100&idx=0&str=&kbn=1&flg=&syoruiKanriNo=&s=S100331E
東京海上ジャパンオーナーズ,"E06433 /
G09203",https://disclosure.edinet-fsa.go.jp/E01EW/download?uji.verb=W0EZA104CXP001003Action&uji.bean=ee.bean.parent.EECommonSearchBean&PID=W1E63011&SESSIONKEY=1550315428177&lgKbn=2&pkbn=0&skbn=1&dskb=&askb=&dflg=0&iflg=0&preId=1&mul=%E6%9D%B1%E4%BA%AC%E6%B5%B7%E4%B8%8A%E3%82%B8%E3%83%A3%E3%83%91%E3%83%B3%E3%82%AA%E3%83%BC%E3%83%8A%E3%83%BC%E3%82%BA&fls=on&cal=1&era=H&yer=&mon=&pfs=5&row=100&idx=0&str=&kbn=1&flg=&syoruiKanriNo=&s=S100E8IO,東京海上ジャパンオーナーズ,https://disclosure.edinet-fsa.go.jp/E01EW/download?uji.verb=W0EZA104CXP001003Action&uji.bean=ee.bean.parent.EECommonSearchBean&PID=W1E63011&SESSIONKEY=1550315428177&lgKbn=2&pkbn=0&skbn=1&dskb=&askb=&dflg=0&iflg=0&preId=1&mul=%E6%9D%B1%E4%BA%AC%E6%B5%B7%E4%B8%8A%E3%82%B8%E3%83%A3%E3%83%91%E3%83%B3%E3%82%AA%E3%83%BC%E3%83%8A%E3%83%BC%E3%82%BA&fls=on&cal=1&era=H&yer=&mon=&pfs=5&row=100&idx=0&str=&kbn=1&flg=&syoruiKanriNo=&s=S1008RQM,https://disclosure.edinet-fsa.go.jp/E01EW/download?uji.verb=W0EZA104CXP001003Action&uji.bean=ee.bean.parent.EECommonSearchBean&PID=W1E63011&SESSIONKEY=1550315428177&lgKbn=2&pkbn=0&skbn=1&dskb=&askb=&dflg=0&iflg=0&preId=1&mul=%E6%9D%B1%E4%BA%AC%E6%B5%B7%E4%B8%8A%E3%82%B8%E3%83%A3%E3%83%91%E3%83%B3%E3%82%AA%E3%83%BC%E3%83%8A%E3%83%BC%E3%82%BA&fls=on&cal=1&era=H&yer=&mon=&pfs=5&row=100&idx=0&str=&kbn=1&flg=&syoruiKanriNo=&s=S10060PC,https://disclosure.edinet-fsa.go.jp/E01EW/download?uji.verb=W0EZA104CXP001003Action&uji.bean=ee.bean.parent.EECommonSearchBean&PID=W1E63011&SESSIONKEY=1550315428177&lgKbn=2&pkbn=0&skbn=1&dskb=&askb=&dflg=0&iflg=0&preId=1&mul=%E6%9D%B1%E4%BA%AC%E6%B5%B7%E4%B8%8A%E3%82%B8%E3%83%A3%E3%83%91%E3%83%B3%E3%82%AA%E3%83%BC%E3%83%8A%E3%83%BC%E3%82%BA&fls=on&cal=1&era=H&yer=&mon=&pfs=5&row=100&idx=0&str=&kbn=1&flg=&syoruiKanriNo=&s=S100331E
,,,,,,
東京海上ジャパンオーナーズ,"E06433 /
G09203",https://disclosure.edinet-fsa.go.jp/E01EW/download?uji.verb=W0EZA104CXP001003Action&uji.bean=ee.bean.parent.EECommonSearchBean&PID=W1E63011&SESSIONKEY=1550315428177&lgKbn=2&pkbn=0&skbn=1&dskb=&askb=&dflg=0&iflg=0&preId=1&mul=%E6%9D%B1%E4%BA%AC%E6%B5%B7%E4%B8%8A%E3%82%B8%E3%83%A3%E3%83%91%E3%83%B3%E3%82%AA%E3%83%BC%E3%83%8A%E3%83%BC%E3%82%BA&fls=on&cal=1&era=H&yer=&mon=&pfs=5&row=100&idx=0&str=&kbn=1&flg=&syoruiKanriNo=&s=S100E8IO,東京海上ジャパンオーナーズ,https://disclosure.edinet-fsa.go.jp/E01EW/download?uji.verb=W0EZA104CXP001003Action&uji.bean=ee.bean.parent.EECommonSearchBean&PID=W1E63011&SESSIONKEY=1550315428177&lgKbn=2&pkbn=0&skbn=1&dskb=&askb=&dflg=0&iflg=0&preId=1&mul=%E6%9D%B1%E4%BA%AC%E6%B5%B7%E4%B8%8A%E3%82%B8%E3%83%A3%E3%83%91%E3%83%B3%E3%82%AA%E3%83%BC%E3%83%8A%E3%83%BC%E3%82%BA&fls=on&cal=1&era=H&yer=&mon=&pfs=5&row=100&idx=0&str=&kbn=1&flg=&syoruiKanriNo=&s=S1008RQM,https://disclosure.edinet-fsa.go.jp/E01EW/download?uji.verb=W0EZA104CXP001003Action&uji.bean=ee.bean.parent.EECommonSearchBean&PID=W1E63011&SESSIONKEY=1550315428177&lgKbn=2&pkbn=0&skbn=1&dskb=&askb=&dflg=0&iflg=0&preId=1&mul=%E6%9D%B1%E4%BA%AC%E6%B5%B7%E4%B8%8A%E3%82%B8%E3%83%A3%E3%83%91%E3%83%B3%E3%82%AA%E3%83%BC%E3%83%8A%E3%83%BC%E3%82%BA&fls=on&cal=1&era=H&yer=&mon=&pfs=5&row=100&idx=0&str=&kbn=1&flg=&syoruiKanriNo=&s=S10060PC,https://disclosure.edinet-fsa.go.jp/E01EW/download?uji.verb=W0EZA104CXP001003Action&uji.bean=ee.bean.parent.EECommonSearchBean&PID=W1E63011&SESSIONKEY=1550315428177&lgKbn=2&pkbn=0&skbn=1&dskb=&askb=&dflg=0&iflg=0&preId=1&mul=%E6%9D%B1%E4%BA%AC%E6%B5%B7%E4%B8%8A%E3%82%B8%E3%83%A3%E3%83%91%E3%83%B3%E3%82%AA%E3%83%BC%E3%83%8A%E3%83%BC%E3%82%BA&fls=on&cal=1&era=H&yer=&mon=&pfs=5&row=100&idx=0&str=&kbn=1&flg=&syoruiKanriNo=&s=S100331E
東京海上ジャパンオーナーズ,"E06433 /
G09203",https://disclosure.edinet-fsa.go.jp/E01EW/download?uji.verb=W0EZA104CXP001003Action&uji.bean=ee.bean.parent.EECommonSearchBean&PID=W1E63011&SESSIONKEY=1550315428177&lgKbn=2&pkbn=0&skbn=1&dskb=&askb=&dflg=0&iflg=0&preId=1&mul=%E6%9D%B1%E4%BA%AC%E6%B5%B7%E4%B8%8A%E3%82%B8%E3%83%A3%E3%83%91%E3%83%B3%E3%82%AA%E3%83%BC%E3%83%8A%E3%83%BC%E3%82%BA&fls=on&cal=1&era=H&yer=&mon=&pfs=5&row=100&idx=0&str=&kbn=1&flg=&syoruiKanriNo=&s=S100E8IO,東京海上ジャパンオーナーズ,https://disclosure.edinet-fsa.go.jp/E01EW/download?uji.verb=W0EZA104CXP001003Action&uji.bean=ee.bean.parent.EECommonSearchBean&PID=W1E63011&SESSIONKEY=1550315428177&lgKbn=2&pkbn=0&skbn=1&dskb=&askb=&dflg=0&iflg=0&preId=1&mul=%E6%9D%B1%E4%BA%AC%E6%B5%B7%E4%B8%8A%E3%82%B8%E3%83%A3%E3%83%91%E3%83%B3%E3%82%AA%E3%83%BC%E3%83%8A%E3%83%BC%E3%82%BA&fls=on&cal=1&era=H&yer=&mon=&pfs=5&row=100&idx=0&str=&kbn=1&flg=&syoruiKanriNo=&s=S1008RQM,https://disclosure.edinet-fsa.go.jp/E01EW/download?uji.verb=W0EZA104CXP001003Action&uji.bean=ee.bean.parent.EECommonSearchBean&PID=W1E63011&SESSIONKEY=1550315428177&lgKbn=2&pkbn=0&skbn=1&dskb=&askb=&dflg=0&iflg=0&preId=1&mul=%E6%9D%B1%E4%BA%AC%E6%B5%B7%E4%B8%8A%E3%82%B8%E3%83%A3%E3%83%91%E3%83%B3%E3%82%AA%E3%83%BC%E3%83%8A%E3%83%BC%E3%82%BA&fls=on&cal=1&era=H&yer=&mon=&pfs=5&row=100&idx=0&str=&kbn=1&flg=&syoruiKanriNo=&s=S10060PC,https://disclosure.edinet-fsa.go.jp/E01EW/download?uji.verb=W0EZA104CXP001003Action&uji.bean=ee.bean.parent.EECommonSearchBean&PID=W1E63011&SESSIONKEY=1550315428177&lgKbn=2&pkbn=0&skbn=1&dskb=&askb=&dflg=0&iflg=0&preId=1&mul=%E6%9D%B1%E4%BA%AC%E6%B5%B7%E4%B8%8A%E3%82%B8%E3%83%A3%E3%83%91%E3%83%B3%E3%82%AA%E3%83%BC%E3%83%8A%E3%83%BC%E3%82%BA&fls=on&cal=1&era=H&yer=&mon=&pfs=5&row=100&idx=0&str=&kbn=1&flg=&syoruiKanriNo=&s=S100331E
,,,,,,
東京海上ジャパンオーナーズ,"E06433 /
G09203",https://disclosure.edinet-fsa.go.jp/E01EW/download?uji.verb=W0EZA104CXP001003Action&uji.bean=ee.bean.parent.EECommonSearchBean&PID=W1E63011&SESSIONKEY=1550315428177&lgKbn=2&pkbn=0&skbn=1&dskb=&askb=&dflg=0&iflg=0&preId=1&mul=%E6%9D%B1%E4%BA%AC%E6%B5%B7%E4%B8%8A%E3%82%B8%E3%83%A3%E3%83%91%E3%83%B3%E3%82%AA%E3%83%BC%E3%83%8A%E3%83%BC%E3%82%BA&fls=on&cal=1&era=H&yer=&mon=&pfs=5&row=100&idx=0&str=&kbn=1&flg=&syoruiKanriNo=&s=S100E8IO,東京海上ジャパンオーナーズ,https://disclosure.edinet-fsa.go.jp/E01EW/download?uji.verb=W0EZA104CXP001003Action&uji.bean=ee.bean.parent.EECommonSearchBean&PID=W1E63011&SESSIONKEY=1550315428177&lgKbn=2&pkbn=0&skbn=1&dskb=&askb=&dflg=0&iflg=0&preId=1&mul=%E6%9D%B1%E4%BA%AC%E6%B5%B7%E4%B8%8A%E3%82%B8%E3%83%A3%E3%83%91%E3%83%B3%E3%82%AA%E3%83%BC%E3%83%8A%E3%83%BC%E3%82%BA&fls=on&cal=1&era=H&yer=&mon=&pfs=5&row=100&idx=0&str=&kbn=1&flg=&syoruiKanriNo=&s=S1008RQM,https://disclosure.edinet-fsa.go.jp/E01EW/download?uji.verb=W0EZA104CXP001003Action&uji.bean=ee.bean.parent.EECommonSearchBean&PID=W1E63011&SESSIONKEY=1550315428177&lgKbn=2&pkbn=0&skbn=1&dskb=&askb=&dflg=0&iflg=0&preId=1&mul=%E6%9D%B1%E4%BA%AC%E6%B5%B7%E4%B8%8A%E3%82%B8%E3%83%A3%E3%83%91%E3%83%B3%E3%82%AA%E3%83%BC%E3%83%8A%E3%83%BC%E3%82%BA&fls=on&cal=1&era=H&yer=&mon=&pfs=5&row=100&idx=0&str=&kbn=1&flg=&syoruiKanriNo=&s=S10060PC,https://disclosure.edinet-fsa.go.jp/E01EW/download?uji.verb=W0EZA104CXP001003Action&uji.bean=ee.bean.parent.EECommonSearchBean&PID=W1E63011&SESSIONKEY=1550315428177&lgKbn=2&pkbn=0&skbn=1&dskb=&askb=&dflg=0&iflg=0&preId=1&mul=%E6%9D%B1%E4%BA%AC%E6%B5%B7%E4%B8%8A%E3%82%B8%E3%83%A3%E3%83%91%E3%83%B3%E3%82%AA%E3%83%BC%E3%83%8A%E3%83%BC%E3%82%BA&fls=on&cal=1&era=H&yer=&mon=&pfs=5&row=100&idx=0&str=&kbn=1&flg=&syoruiKanriNo=&s=S100331E
,,,,,,
東京海上ジャパンオーナーズ,"E06433 /
G09203",https://disclosure.edinet-fsa.go.jp/E01EW/download?uji.verb=W0EZA104CXP001003Action&uji.bean=ee.bean.parent.EECommonSearchBean&PID=W1E63011&SESSIONKEY=1550315428177&lgKbn=2&pkbn=0&skbn=1&dskb=&askb=&dflg=0&iflg=0&preId=1&mul=%E6%9D%B1%E4%BA%AC%E6%B5%B7%E4%B8%8A%E3%82%B8%E3%83%A3%E3%83%91%E3%83%B3%E3%82%AA%E3%83%BC%E3%83%8A%E3%83%BC%E3%82%BA&fls=on&cal=1&era=H&yer=&mon=&pfs=5&row=100&idx=0&str=&kbn=1&flg=&syoruiKanriNo=&s=S100E8IO,東京海上ジャパンオーナーズ,https://disclosure.edinet-fsa.go.jp/E01EW/download?uji.verb=W0EZA104CXP001003Action&uji.bean=ee.bean.parent.EECommonSearchBean&PID=W1E63011&SESSIONKEY=1550315428177&lgKbn=2&pkbn=0&skbn=1&dskb=&askb=&dflg=0&iflg=0&preId=1&mul=%E6%9D%B1%E4%BA%AC%E6%B5%B7%E4%B8%8A%E3%82%B8%E3%83%A3%E3%83%91%E3%83%B3%E3%82%AA%E3%83%BC%E3%83%8A%E3%83%BC%E3%82%BA&fls=on&cal=1&era=H&yer=&mon=&pfs=5&row=100&idx=0&str=&kbn=1&flg=&syoruiKanriNo=&s=S1008RQM,https://disclosure.edinet-fsa.go.jp/E01EW/download?uji.verb=W0EZA104CXP001003Action&uji.bean=ee.bean.parent.EECommonSearchBean&PID=W1E63011&SESSIONKEY=1550315428177&lgKbn=2&pkbn=0&skbn=1&dskb=&askb=&dflg=0&iflg=0&preId=1&mul=%E6%9D%B1%E4%BA%AC%E6%B5%B7%E4%B8%8A%E3%82%B8%E3%83%A3%E3%83%91%E3%83%B3%E3%82%AA%E3%83%BC%E3%83%8A%E3%83%BC%E3%82%BA&fls=on&cal=1&era=H&yer=&mon=&pfs=5&row=100&idx=0&str=&kbn=1&flg=&syoruiKanriNo=&s=S10060PC,https://disclosure.edinet-fsa.go.jp/E01EW/download?uji.verb=W0EZA104CXP001003Action&uji.bean=ee.bean.parent.EECommonSearchBean&PID=W1E63011&SESSIONKEY=1550315428177&lgKbn=2&pkbn=0&skbn=1&dskb=&askb=&dflg=0&iflg=0&preId=1&mul=%E6%9D%B1%E4%BA%AC%E6%B5%B7%E4%B8%8A%E3%82%B8%E3%83%A3%E3%83%91%E3%83%B3%E3%82%AA%E3%83%BC%E3%83%8A%E3%83%BC%E3%82%BA&fls=on&cal=1&era=H&yer=&mon=&pfs=5&row=100&idx=0&str=&kbn=1&flg=&syoruiKanriNo=&s=S100331E
,,,,,,
東京海上ジャパンオーナーズ,"E06433 /
G09203",https://disclosure.edinet-fsa.go.jp/E01EW/download?uji.verb=W0EZA104CXP001003Action&uji.bean=ee.bean.parent.EECommonSearchBean&PID=W1E63011&SESSIONKEY=1550315428177&lgKbn=2&pkbn=0&skbn=1&dskb=&askb=&dflg=0&iflg=0&preId=1&mul=%E6%9D%B1%E4%BA%AC%E6%B5%B7%E4%B8%8A%E3%82%B8%E3%83%A3%E3%83%91%E3%83%B3%E3%82%AA%E3%83%BC%E3%83%8A%E3%83%BC%E3%82%BA&fls=on&cal=1&era=H&yer=&mon=&pfs=5&row=100&idx=0&str=&kbn=1&flg=&syoruiKanriNo=&s=S100E8IO,東京海上ジャパンオーナーズ,https://disclosure.edinet-fsa.go.jp/E01EW/download?uji.verb=W0EZA104CXP001003Action&uji.bean=ee.bean.parent.EECommonSearchBean&PID=W1E63011&SESSIONKEY=1550315428177&lgKbn=2&pkbn=0&skbn=1&dskb=&askb=&dflg=0&iflg=0&preId=1&mul=%E6%9D%B1%E4%BA%AC%E6%B5%B7%E4%B8%8A%E3%82%B8%E3%83%A3%E3%83%91%E3%83%B3%E3%82%AA%E3%83%BC%E3%83%8A%E3%83%BC%E3%82%BA&fls=on&cal=1&era=H&yer=&mon=&pfs=5&row=100&idx=0&str=&kbn=1&flg=&syoruiKanriNo=&s=S1008RQM,https://disclosure.edinet-fsa.go.jp/E01EW/download?uji.verb=W0EZA104CXP001003Action&uji.bean=ee.bean.parent.EECommonSearchBean&PID=W1E63011&SESSIONKEY=1550315428177&lgKbn=2&pkbn=0&skbn=1&dskb=&askb=&dflg=0&iflg=0&preId=1&mul=%E6%9D%B1%E4%BA%AC%E6%B5%B7%E4%B8%8A%E3%82%B8%E3%83%A3%E3%83%91%E3%83%B3%E3%82%AA%E3%83%BC%E3%83%8A%E3%83%BC%E3%82%BA&fls=on&cal=1&era=H&yer=&mon=&pfs=5&row=100&idx=0&str=&kbn=1&flg=&syoruiKanriNo=&s=S10060PC,https://disclosure.edinet-fsa.go.jp/E01EW/download?uji.verb=W0EZA104CXP001003Action&uji.bean=ee.bean.parent.EECommonSearchBean&PID=W1E63011&SESSIONKEY=1550315428177&lgKbn=2&pkbn=0&skbn=1&dskb=&askb=&dflg=0&iflg=0&preId=1&mul=%E6%9D%B1%E4%BA%AC%E6%B5%B7%E4%B8%8A%E3%82%B8%E3%83%A3%E3%83%91%E3%83%B3%E3%82%AA%E3%83%BC%E3%83%8A%E3%83%BC%E3%82%BA&fls=on&cal=1&era=H&yer=&mon=&pfs=5&row=100&idx=0&str=&kbn=1&flg=&syoruiKanriNo=&s=S100331E
東京海上ジャパンオーナーズ,"E06433 /
G09203",https://disclosure.edinet-fsa.go.jp/E01EW/download?uji.verb=W0EZA104CXP001003Action&uji.bean=ee.bean.parent.EECommonSearchBean&PID=W1E63011&SESSIONKEY=1550315428177&lgKbn=2&pkbn=0&skbn=1&dskb=&askb=&dflg=0&iflg=0&preId=1&mul=%E6%9D%B1%E4%BA%AC%E6%B5%B7%E4%B8%8A%E3%82%B8%E3%83%A3%E3%83%91%E3%83%B3%E3%82%AA%E3%83%BC%E3%83%8A%E3%83%BC%E3%82%BA&fls=on&cal=1&era=H&yer=&mon=&pfs=5&row=100&idx=0&str=&kbn=1&flg=&syoruiKanriNo=&s=S100E8IO,東京海上ジャパンオーナーズ,https://disclosure.edinet-fsa.go.jp/E01EW/download?uji.verb=W0EZA104CXP001003Action&uji.bean=ee.bean.parent.EECommonSearchBean&PID=W1E63011&SESSIONKEY=1550315428177&lgKbn=2&pkbn=0&skbn=1&dskb=&askb=&dflg=0&iflg=0&preId=1&mul=%E6%9D%B1%E4%BA%AC%E6%B5%B7%E4%B8%8A%E3%82%B8%E3%83%A3%E3%83%91%E3%83%B3%E3%82%AA%E3%83%BC%E3%83%8A%E3%83%BC%E3%82%BA&fls=on&cal=1&era=H&yer=&mon=&pfs=5&row=100&idx=0&str=&kbn=1&flg=&syoruiKanriNo=&s=S1008RQM,https://disclosure.edinet-fsa.go.jp/E01EW/download?uji.verb=W0EZA104CXP001003Action&uji.bean=ee.bean.parent.EECommonSearchBean&PID=W1E63011&SESSIONKEY=1550315428177&lgKbn=2&pkbn=0&skbn=1&dskb=&askb=&dflg=0&iflg=0&preId=1&mul=%E6%9D%B1%E4%BA%AC%E6%B5%B7%E4%B8%8A%E3%82%B8%E3%83%A3%E3%83%91%E3%83%B3%E3%82%AA%E3%83%BC%E3%83%8A%E3%83%BC%E3%82%BA&fls=on&cal=1&era=H&yer=&mon=&pfs=5&row=100&idx=0&str=&kbn=1&flg=&syoruiKanriNo=&s=S10060PC,https://disclosure.edinet-fsa.go.jp/E01EW/download?uji.verb=W0EZA104CXP001003Action&uji.bean=ee.bean.parent.EECommonSearchBean&PID=W1E63011&SESSIONKEY=1550315428177&lgKbn=2&pkbn=0&skbn=1&dskb=&askb=&dflg=0&iflg=0&preId=1&mul=%E6%9D%B1%E4%BA%AC%E6%B5%B7%E4%B8%8A%E3%82%B8%E3%83%A3%E3%83%91%E3%83%B3%E3%82%AA%E3%83%BC%E3%83%8A%E3%83%BC%E3%82%BA&fls=on&cal=1&era=H&yer=&mon=&pfs=5&row=100&idx=0&str=&kbn=1&flg=&syoruiKanriNo=&s=S100331E
東京海上ジャパンオーナーズ,"E06433 /
G09203",https://disclosure.edinet-fsa.go.jp/E01EW/download?uji.verb=W0EZA104CXP001003Action&uji.bean=ee.bean.parent.EECommonSearchBean&PID=W1E63011&SESSIONKEY=1550315428177&lgKbn=2&pkbn=0&skbn=1&dskb=&askb=&dflg=0&iflg=0&preId=1&mul=%E6%9D%B1%E4%BA%AC%E6%B5%B7%E4%B8%8A%E3%82%B8%E3%83%A3%E3%83%91%E3%83%B3%E3%82%AA%E3%83%BC%E3%83%8A%E3%83%BC%E3%82%BA&fls=on&cal=1&era=H&yer=&mon=&pfs=5&row=100&idx=0&str=&kbn=1&flg=&syoruiKanriNo=&s=S100E8IO,東京海上ジャパンオーナーズ,https://disclosure.edinet-fsa.go.jp/E01EW/download?uji.verb=W0EZA104CXP001003Action&uji.bean=ee.bean.parent.EECommonSearchBean&PID=W1E63011&SESSIONKEY=1550315428177&lgKbn=2&pkbn=0&skbn=1&dskb=&askb=&dflg=0&iflg=0&preId=1&mul=%E6%9D%B1%E4%BA%AC%E6%B5%B7%E4%B8%8A%E3%82%B8%E3%83%A3%E3%83%91%E3%83%B3%E3%82%AA%E3%83%BC%E3%83%8A%E3%83%BC%E3%82%BA&fls=on&cal=1&era=H&yer=&mon=&pfs=5&row=100&idx=0&str=&kbn=1&flg=&syoruiKanriNo=&s=S1008RQM,https://disclosure.edinet-fsa.go.jp/E01EW/download?uji.verb=W0EZA104CXP001003Action&uji.bean=ee.bean.parent.EECommonSearchBean&PID=W1E63011&SESSIONKEY=1550315428177&lgKbn=2&pkbn=0&skbn=1&dskb=&askb=&dflg=0&iflg=0&preId=1&mul=%E6%9D%B1%E4%BA%AC%E6%B5%B7%E4%B8%8A%E3%82%B8%E3%83%A3%E3%83%91%E3%83%B3%E3%82%AA%E3%83%BC%E3%83%8A%E3%83%BC%E3%82%BA&fls=on&cal=1&era=H&yer=&mon=&pfs=5&row=100&idx=0&str=&kbn=1&flg=&syoruiKanriNo=&s=S10060PC,https://disclosure.edinet-fsa.go.jp/E01EW/download?uji.verb=W0EZA104CXP001003Action&uji.bean=ee.bean.parent.EECommonSearchBean&PID=W1E63011&SESSIONKEY=1550315428177&lgKbn=2&pkbn=0&skbn=1&dskb=&askb=&dflg=0&iflg=0&preId=1&mul=%E6%9D%B1%E4%BA%AC%E6%B5%B7%E4%B8%8A%E3%82%B8%E3%83%A3%E3%83%91%E3%83%B3%E3%82%AA%E3%83%BC%E3%83%8A%E3%83%BC%E3%82%BA&fls=on&cal=1&era=H&yer=&mon=&pfs=5&row=100&idx=0&str=&kbn=1&flg=&syoruiKanriNo=&s=S100331E
東京海上･ジャパン･オーナーズ株式オープン,"E06433 /
G09203",https://disclosure.edinet-fsa.go.jp/E01EW/download?uji.verb=W0EZA104CXP001003Action&uji.bean=ee.bean.parent.EECommonSearchBean&PID=W1E63011&SESSIONKEY=1550333642646&lgKbn=2&pkbn=0&skbn=1&dskb=&askb=&dflg=0&iflg=0&preId=1&mul=%E6%9D%B1%E4%BA%AC%E6%B5%B7%E4%B8%8A%3F%E3%82%B8%E3%83%A3%E3%83%91%E3%83%B3%3F%E3%82%AA%E3%83%BC%E3%83%8A%E3%83%BC%E3%82%BA%E6%A0%AA%E5%BC%8F%E3%82%AA%E3%83%BC%E3%83%97%E3%83%B3&fls=on&cal=1&era=H&yer=&mon=&pfs=5&row=100&idx=0&str=&kbn=1&flg=&syoruiKanriNo=&s=S100E8IO,https://disclosure.edinet-fsa.go.jp/E01EW/download?uji.verb=W0EZA104CXP001003Action&uji.bean=ee.bean.parent.EECommonSearchBean&PID=W1E63011&SESSIONKEY=1550333642646&lgKbn=2&pkbn=0&skbn=1&dskb=&askb=&dflg=0&iflg=0&preId=1&mul=%E6%9D%B1%E4%BA%AC%E6%B5%B7%E4%B8%8A%3F%E3%82%B8%E3%83%A3%E3%83%91%E3%83%B3%3F%E3%82%AA%E3%83%BC%E3%83%8A%E3%83%BC%E3%82%BA%E6%A0%AA%E5%BC%8F%E3%82%AA%E3%83%BC%E3%83%97%E3%83%B3&fls=on&cal=1&era=H&yer=&mon=&pfs=5&row=100&idx=0&str=&kbn=1&flg=&syoruiKanriNo=&s=S100BDZZ,https://disclosure.edinet-fsa.go.jp/E01EW/download?uji.verb=W0EZA104CXP001003Action&uji.bean=ee.bean.parent.EECommonSearchBean&PID=W1E63011&SESSIONKEY=1550333642646&lgKbn=2&pkbn=0&skbn=1&dskb=&askb=&dflg=0&iflg=0&preId=1&mul=%E6%9D%B1%E4%BA%AC%E6%B5%B7%E4%B8%8A%3F%E3%82%B8%E3%83%A3%E3%83%91%E3%83%B3%3F%E3%82%AA%E3%83%BC%E3%83%8A%E3%83%BC%E3%82%BA%E6%A0%AA%E5%BC%8F%E3%82%AA%E3%83%BC%E3%83%97%E3%83%B3&fls=on&cal=1&era=H&yer=&mon=&pfs=5&row=100&idx=0&str=&kbn=1&flg=&syoruiKanriNo=&s=S1008RQM,https://disclosure.edinet-fsa.go.jp/E01EW/download?uji.verb=W0EZA104CXP001003Action&uji.bean=ee.bean.parent.EECommonSearchBean&PID=W1E63011&SESSIONKEY=1550333642646&lgKbn=2&pkbn=0&skbn=1&dskb=&askb=&dflg=0&iflg=0&preId=1&mul=%E6%9D%B1%E4%BA%AC%E6%B5%B7%E4%B8%8A%3F%E3%82%B8%E3%83%A3%E3%83%91%E3%83%B3%3F%E3%82%AA%E3%83%BC%E3%83%8A%E3%83%BC%E3%82%BA%E6%A0%AA%E5%BC%8F%E3%82%AA%E3%83%BC%E3%83%97%E3%83%B3&fls=on&cal=1&era=H&yer=&mon=&pfs=5&row=100&idx=0&str=&kbn=1&flg=&syoruiKanriNo=&s=S10060PC,https://disclosure.edinet-fsa.go.jp/E01EW/download?uji.verb=W0EZA104CXP001003Action&uji.bean=ee.bean.parent.EECommonSearchBean&PID=W1E63011&SESSIONKEY=1550333642646&lgKbn=2&pkbn=0&skbn=1&dskb=&askb=&dflg=0&iflg=0&preId=1&mul=%E6%9D%B1%E4%BA%AC%E6%B5%B7%E4%B8%8A%3F%E3%82%B8%E3%83%A3%E3%83%91%E3%83%B3%3F%E3%82%AA%E3%83%BC%E3%83%8A%E3%83%BC%E3%82%BA%E6%A0%AA%E5%BC%8F%E3%82%AA%E3%83%BC%E3%83%97%E3%83%B3&fls=on&cal=1&era=H&yer=&mon=&pfs=5&row=100&idx=0&str=&kbn=1&flg=&syoruiKanriNo=&s=S100331E
